설치기관명,소재지도로명주소,전화번호,데이터관리부서,데이터기준일자
밝음나눔안과,"경기도 안양시 만안구 안양로 307, 금상타워 7,8층 (안양동)",031-360-7542,안양시 만안구보건소,2025-12-22
안양예술고등학교,경기도 안양시 만안구 양화로25번길 40,070-5077-0561,안양시 만안구보건소,2025-12-22
현대건설월곶판교선제6공구건설공사현장사무실,"경기도 안양시 만안구 장내로143번길 15, 연성빌딩 4층 (안양동)",031-468-9372,안양시 만안구보건소,2025-12-22
"한솔아파트101,102동","경기도 안양시 만안구 현충로 25 (안양동, 한솔아파트)",031-472-4072,안양시 만안구보건소,2025-12-22
흥화브라운빌아파트입주민대표자회의,"경기도 안양시 만안구 병목안로 220 (안양동, 수리산흥화브라운빌)",031-346-1114,안양시 만안구보건소,2025-12-22
세림아파트,"경기도 안양시 만안구 예술공원로64번길 9 (안양동, 세림아파트)",031-473-0054,안양시 만안구보건소,2025-12-22
안양어반포레자연&e편한세상3단지APT,"경기도 안양시 만안구 냉천로 125 (안양동, 안양어반포레자연앤이편한세상 3단지)",031-468-3351,안양시 만안구보건소,2025-12-22
보영운수(주),"경기도 안양시 만안구 창박로 46, 보영운수 (안양동)",070-7330-1036,안양시 만안구보건소,2025-12-22
삼영운수(주),"경기도 안양시 만안구 일직로 119, 안양시내버스공영차고지 (석수동)",070-7330-1037,안양시 만안구보건소,2025-12-22
안양역푸르지오더샵아파트생활지원센터,"경기도 안양시 만안구 안양천서로 249 (안양동, 안양역푸르지오더샵아파트)",031-441-2006,안양시 만안구보건소,2025-12-22
안양시수리장애인단기보호센터,"경기도 안양시 만안구 냉천로 39, 평생교육센터,수리복지관,만안구청어린이집 (안양동)",031-465-0958,안양시 만안구보건소,2025-12-22
성결대학교,경기도 안양시 만안구 성결대학로 53 성결대학교,031-467-8386,안양시 만안구보건소,2025-12-22
모트라스주식회사(안양),경기도 안양시 만안구 덕천로 102,031-463-1431,안양시 만안구보건소,2025-12-22
큰샘어린이도서관,"경기도 안양시 만안구 삼덕로 106, 삼덕공원관리사무소 1층 (안양동)",031-8045-6431,안양시 만안구보건소,2025-12-22
안양도시공사삼덕공원,"경기도 안양시 만안구 경수대로 1431, 석수역 (석수동)",031-389-5238,안양시 만안구보건소,2025-12-22
한국철도공사석수역,"경기도 안양시 만안구 경수대로1273번길 46, 관악역 (석수동)",031-472-7788,안양시 만안구보건소,2025-12-22
관악역,"경기도 안양시 만안구 만안로 20, 명학역 (안양동)",031-471-7788,안양시 만안구보건소,2025-12-22
명학역,"경기도 안양시 만안구 냉천로153번길 15, 만안노인복지회관 (안양동)",031-441-7788,안양시 만안구보건소,2025-12-22
만안노인복지회관,경기도 안양시 만안구 박달로 337-53 (박달동),031-8045-6076,안양시 만안구보건소,2025-12-22
안양시,"경기도 안양시 경기도 안양시 동안구 시민대로 235, 안양시청 (관양동)",031-8045-5857,안양시 만안구보건소,2025-12-22
안양4동복지회관,경기도 안양시 만안구 냉천로193번길 37 안양4동복지회관 (안양동),031-8045-3633,안양시 만안구보건소,2025-12-22
만안구행정지원과,"경기도 안양시 만안구 안양로 128, 만안구청 (안양동)",031-8045-3233,안양시 만안구보건소,2025-12-22
안양6동행정복지센터,경기도 안양시 만안구 안양로170번길 23 안양6동 행정복지센터 (안양동),031-8045-3650,안양시 만안구보건소,2025-12-22
코카콜라음료주식회사,경기도 안양시 만안구 박달로 337 (박달동),031-8045-1408,안양시 만안구보건소,2025-12-22
안양중학교,경기도 안양시 만안구 와룡로 53  (석수동),070-7090-3150,안양시 만안구보건소,2025-12-22
호현동행정복지센터,경기도 안양시 만안구 박달로 440 박달2동 행정복지센터 (박달동),031-8045-3733,안양시 만안구보건소,2025-12-22
충훈동복지회관,경기도 안양시 만안구 충훈로90번길 47 석수3동복지회관 (석수동),031-8045-3976,안양시 만안구보건소,2025-12-22
안양서초등학교,경기도 안양시 만안구 양화로37번길 32  (안양동),070-7114-2200,안양시 만안구보건소,2025-12-22
안양2동행정복지센터,경기도 안양시 만안구 안양로384번길 50 안양2동 행정복지센터 (안양동),031-8045-3610,안양시 만안구보건소,2025-12-22
석수초등학교,경기도 안양시 만안구 석수로 110  (석수동),031-474-0480,안양시 만안구보건소,2025-12-22
디엘이앤씨㈜,경기도 안양시 만안구 현충로 126(안양동),031-446-9585,안양시 만안구보건소,2025-12-22
㈜노루페인트,"경기도 안양시 만안구 박달로 351, 주식회사 노루페인트 (박달동)",031-467-6026,안양시 만안구보건소,2025-12-22
안양해솔학교,"경기도 안양시 만안구 호암로30번길 61, 안양해솔학교 (석수동)",031-471-7568,안양시 만안구보건소,2025-12-22
안양남부시장상인회,경기도 안양시 만안구 장내로140번길 51(안양동),031-449-7400,안양시 만안구보건소,2025-12-22
성문고등학교,"경기도 안양시 만안구 성결대학로64번길 9, 성문중,고등학교 (안양동)",031-380-4582,안양시 만안구보건소,2025-12-22
아르테자이아파트,경기도 안양시 만안구 경수대로1166번길 10(안양동),031-471-9181,안양시 만안구보건소,2025-12-22
안양도시공사 새물공원,경기도 안양시 만안구 석천로 1 새물공원 (박달동),031-389-5375,안양시 만안구보건소,2025-12-22
안양도시공사 서조체육시설,경기도 안양시 만안구 박달동 203번지,031-389-5376,안양시 만안구보건소,2025-12-22
두산위브더아티움아파트,경기도 안양시 만안구 예술공원로 51(안양동),031-471-2822,안양시 만안구보건소,2025-12-22
안양도시공사 병목안캠핑장,경기도 안양시 만안구 병목안로247번길 37(안양동),031-389-5292,안양시 만안구보건소,2025-12-22
안양도시공사안양역중앙지하도상가,"경기도 안양시 만안구 안양로 지하301, 중앙지하상가 (안양동)",031-289-5337,안양시 만안구보건소,2025-12-22
안양외국어고등학교,"경기도 안양시 만안구 양화로37번길 36, 안양외국어고등학교 (안양동)",031-470-4000,안양시 만안구보건소,2025-12-22
안양주공뜨란채아파트,"경기도 안양시 만안구 안양천서로 289  (안양동, 주공뜨란채)",031-441-6202,안양시 만안구보건소,2025-12-22
석수역푸르지오아파트,"경기도 안양시 만안구 삼성산길 8(석수동, 석수역푸르지오아파트)",031-471-1048,안양시 만안구보건소,2025-12-22
연현중학교,경기도 안양시 만안구 석수로 462,031-8033-0508,안양시 만안구보건소,2025-12-22
안양시청소년상담복지센터,경기도 안양시 만안구 안양로263번길 31 안양시청소년상담복지센터 (안양동),031-446-1243,안양시 만안구보건소,2025-12-22
석수2동행정복지센터,경기도 안양시 만안구 안양로 496  (석수동),031-8045-3751,안양시 만안구보건소,2025-12-22
충훈동행정복지센터,"경기도 안양시 만안구 충훈로90번길 36, 충훈동 행정복지센터 (석수동)",031-8045-3710,안양시 만안구보건소,2025-12-22
경인교육대학교학생군사교육단,"경기도 안양시 만안구 삼막로 155, 경인교육대학교 (석수동)",031-470-6019,안양시 만안구보건소,2025-12-22
안양문화고등학교,"경기도 안양시 만안구 양화로37번길 36, 안양문화고등학교 (안양동)",031-470-4119,안양시 만안구보건소,2025-12-22
근명고등학교,"경기도 안양시 만안구 삼덕로 49, 근명여자정보고등학교 (안양동)",031-8045-8751,안양시 만안구보건소,2025-12-22
안일초등학교,"경기도 안양시 만안구 안양천서로 339, 안일초등학교 (안양동)",031-444-1522,안양시 만안구보건소,2025-12-22
박달중학교,"경기도 안양시 만안구 박달로418번길 70, 박달중학교 (박달동)",031-361-3819,안양시 만안구보건소,2025-12-22
박달1동행정복지센터,경기도 안양시 만안구 양화로127번길 9,031-8045-3983,안양시 만안구보건소,2025-12-22
코오롱하늘채아파트(석수동),경기도 안양시 만안구 충훈로 92,031-474-2242,안양시 만안구보건소,2025-12-22
석수럭키아파트,경기도 안양시 만안구 석수로 40,031-471-6371,안양시 만안구보건소,2025-12-22
안양호암초등학교,"경기도 안양시 만안구 예술공원로103번길 73, 호암초등학교 (석수동)",070-7114-3732,안양시 만안구보건소,2025-12-22
안양소년원(안양정심여자정보산업학교),경기도 안양시 만안구 삼막로96번길 11(석수동),031-473-3781,안양시 만안구보건소,2025-12-22
안양시수리장애인종합복지관,"경기도 안양시 만안구 냉천로 39, 평생교육센터,수리복지관,만안구청어린이집 (안양동)",031-465-0950,안양시 만안구보건소,2025-12-22
만안초등학교,"경기도 안양시 만안구 안양로384번길 13, 만안초등학교 (안양동)",031-449-2829,안양시 만안구보건소,2025-12-22
삼봉초등학교,"경기도 안양시 만안구 박달로437번길 21, 삼봉초등학교 (박달동)",070-4066-5070,안양시 만안구보건소,2025-12-22
박달초등학교,경기도 안양시 만안구 삼봉로 38  (박달동),031-447-8385,안양시 만안구보건소,2025-12-22
안양역한양수자인리버파크아파트,"경기도 안양시 만안구 안양천서로 357  (안양동, 안양역 한양수자인 리버파크)",031-468-9912,안양시 만안구보건소,2025-12-22
안양성원1차아파트,경기도 안양시 만안구 병목안로 81,031-441-4668,안양시 만안구보건소,2025-12-22
안양삼성래미안아파트,"경기도 안양시 만안구 안양천서로 311(안양동, 삼성래미안아파트)",031-466-2831,안양시 만안구보건소,2025-12-22
석수e편한세상아파트,"경기도 안양시 만안구 경수대로 1193  (석수동, 석수e-편한세상아파트)",031-472-3704,안양시 만안구보건소,2025-12-22
구룡주공그린빌아파트,경기도 안양시 만안구 삼막로 12,031-346-8611,안양시 만안구보건소,2025-12-22
안양고등학교,"경기도 안양시 만안구 삼봉로 46, 안양고등학교 (박달동)",070-4334-4549,안양시 만안구보건소,2025-12-22
안양도시공사 석수체육공원,"경기도 안양시 만안구 안양로 595, 석수체육공원 (석수동)",031-389-5287,안양시 만안구보건소,2025-12-22
삼성초등학교,"경기도 안양시 만안구 경수대로 1240, 삼성초등학교 (석수동)",070-7114-6019,안양시 만안구보건소,2025-12-22
안양시,"경기도 안양시 경기도 안양시 동안구 시민대로 235, 안양시청 (관양동)",031-8045-2211,안양시 만안구보건소,2025-12-22
안양만안경찰서석수지구대,"경기도 안양시 만안구 경수대로 1161, 석수지구대 (안양동)",031-8041-6114,안양시 만안구보건소,2025-12-22
안양만안경찰서 안양지구대,경기도 안양시 만안구 병목안로 56(안양동),031-8041-6113,안양시 만안구보건소,2025-12-22
석수1동행정복지센터,경기도 안양시 만안구 경수대로 1252 석수1동 주민센터 (석수동),031-8045-3690,안양시 만안구보건소,2025-12-22
안양7동행정복지센터,경기도 안양시 만안구 덕천로 115 안양7동주민센터 (안양동),031-8045-3922,안양시 만안구보건소,2025-12-22
안양씨엘포레자이아파트,경기도 안양시 만안구 소곡로 78 (안양동),031-360-3771,안양시 만안구보건소,2025-12-22
안양도시공사 박달복합청사,"경기도 안양시 만안구 박달로 470, 박달복합청사 다목적체육관 (박달동)",031-400-7887,안양시 만안구보건소,2025-12-22
안양시배드민턴협회만안배드민턴클럽,"경기도 안양시 만안구 경수대로1001번길 220, 1층 (안양동)",031-477-8756,안양시 만안구보건소,2025-12-22
중부지방국세청안양세무서,"경기도 안양시 만안구 냉천로 83, 안양세무서 (안양동)",031-467-1625,안양시 만안구보건소,2025-12-22
석수경남아너스빌,경기도 안양시 만안구 경수대로1219번길 8 관리사무소,031-473-1294,안양시 만안구보건소,2025-12-22
국제나은병원,경기도 안양시 만안구 안양로223번길 5 (안양동),031-380-8530,안양시 만안구보건소,2025-12-22
원천의료재단중화한방병원,"경기도 안양시 만안구 관악대로 10, 중화한방병원 (안양동)",031-449-0001,안양시 만안구보건소,2025-12-22
효산의료재단안양샘병원,"경기도 안양시 만안구 삼덕로 9, 안양샘병원 (안양동)",031-467-9714,안양시 만안구보건소,2025-12-22
안양중앙시장상인회,경기도 안양시 만안구 냉천로185번길 8 안양 중앙시장 상인회 (안양동),031-447-9961,안양시 만안구보건소,2025-12-22
안양중앙시장고객문화센터2층,경기도 안양시 만안구 냉천로 196 안양중앙시장 고객문화센터 2층 (안양동),031-8045-3633,안양시 만안구보건소,2025-12-22
경기도교육청 율곡연수원 안양교육관,"경기도 안양시 만안구 능곡로 84, 경기도혁신교육연수원 (안양동)",031-469-1543,안양시 만안구보건소,2025-12-22
안양8동행정복지센터,"경기도 안양시 만안구 안양로111번길 17, 안양8동 행정복지센터 1층 (안양동)",031-8045-3670,안양시 만안구보건소,2025-12-22
안양시 만안구보건소,경기도 안양시 만안구 문예로 48,031-8045-3036,안양시 만안구보건소,2025-12-22
안양중앙시장환경사랑나눔의집,경기도 안양시 만안구 냉천로 200 안양중앙시장 환경사랑 나눔의집 (안양동),031-8045-5129,안양시 만안구보건소,2025-12-22
안양일번가지하상가쇼핑몰,경기도 안양시 만안구 만안로 지하 231 안양일번가 지하상가 쇼핑몰 (안양동),031-463-9000,안양시 만안구보건소,2025-12-22
박달시장상인회,경기도 안양시 만안구 양화로 132-3 박달시장상인회 (박달동),031-469-2660,안양시 만안구보건소,2025-12-22
안양1동주민센터,경기도 안양시 만안구 장내로 170 안양1동 주민센터 (안양동),031-8045-3765,안양시 만안구보건소,2025-12-22
안양9동주민센터,경기도 안양시 만안구 병목안로142번길 12-9 안양9동주민센터 (안양동),031-8045-3680,안양시 만안구보건소,2025-12-22
안양역,경기도 안양시 만안구 만안로 232 안양역사 (안양동),031-448-7788,안양시 만안구보건소,2025-12-22
안양프라자아파트,"경기도 안양시 만안구 병목안로 103  (안양동, 프라자아파트)",031-449-1994,안양시 만안구보건소,2025-12-22
안양5동행정복지센터,경기도 안양시 만안구 냉천로157번길 18  (안양동),031-8045-3644,안양시 만안구보건소,2025-12-22
안양4동행정복지센터,경기도 안양시 만안구 냉천로193번길 34 안양4동 주민센터 (안양동),031-8045-3638,안양시 만안구보건소,2025-12-22
안양서중학교,경기도 안양시 만안구 창박로 26  (안양동),031-447-1146,안양시 만안구보건소,2025-12-22
안양시만안종합사회복지관,경기도 안양시 만안구 박달로 547-1,1877-9701,안양시 만안구보건소,2025-12-22
안양3동행정복지센터,경기도 안양시 만안구 양화로 28,031-8045-3620,안양시 만안구보건소,2025-12-22
만안도서관,경기도 안양시 만안구 냉천로 51 만안도서관,031-8045-6152,안양시 만안구보건소,2025-12-22
한라비발디아파트,경기도 안양시 만안구 박달로 453,031-464-0053,안양시 만안구보건소,2025-12-22
박달우성아파트,경기도 안양시 만안구 박달로498번길 28,031-466-7200,안양시 만안구보건소,2025-12-22
박달도서관,경기도 안양시 만안구 박달로 459 박달도서관,031-8045-6181,안양시 만안구보건소,2025-12-22
삼덕도서관,경기도 안양시 만안구 병목안로 58 삼덕도서관,031-8045-6362,안양시 만안구보건소,2025-12-22
석수도서관,경기도 안양시 만안구 양화로217번길 34 석수도서관,031-8045-6115,안양시 만안구보건소,2025-12-22
중부지방고용노동청안양지청안양고용센터,경기도 안양시 만안구 안양로 303 4층,031-463-0702,안양시 만안구보건소,2025-12-22
안양만안경찰서,"경기도 안양시 만안구 냉천로 63, 안양만안경찰서 (안양동)",031-8041-6321,안양시 만안구보건소,2025-12-22
석수두산위브아파트,경기도 안양시 만안구 연현로79번길 20,031-471-0617,안양시 만안구보건소,2025-12-22
래미안안양메가트리아,"경기도 안양시 만안구 안양천서로 177 (안양동, 래미안 안양 메가트리아)",031-441-4250,안양시 만안구보건소,2025-12-22
중부지방고용노동청안양지청,경기도 안양시 만안구 전파로44번길 73,031-463-7385,안양시 만안구보건소,2025-12-22
석수현대아파트,경기도 안양시 만안구 안양로532번길 12,031-472-1962,안양시 만안구보건소,2025-12-22
박달벽산아파트,경기도 안양시 만안구 양화로135번길 45 (박달동) 벽산아파트,031-466-1056,안양시 만안구보건소,2025-12-22
대림한숲타운아파트,경기도 안양시 만안구 박달로 344 (박달동) 대림한숲타운아파트,031-342-2230,안양시 만안구보건소,2025-12-22
율목종합사회복지관,경기도 안양시 만안구 병목안로130번길 166,031-466-9125,안양시 만안구보건소,2025-12-22
병목안시민공원,"경기도 안양시 만안구 병목안로 215, 병목안시민공원관리사무소 (안양동)",031-80455509,안양시 만안구보건소,2025-12-22
석수엘지빌리지,"경기도 안양시 만안구 연현로79번길 84 (석수동, 석수 엘지 빌리지)",031-474-1872,안양시 만안구보건소,2025-12-22
석수아이파크아파트,"경기도 안양시 만안구 충훈로 51 (석수동, 석수아이파크)",031-474-3330,안양시 만안구보건소,2025-12-22
박달금호아파트,"경기도 안양시 만안구 삼봉로 61 (박달동, 금호타운)",031-444-4908,안양시 만안구보건소,2025-12-22
관악장애인종합복지관,"경기도 안양시 만안구 경수대로 1132, 장애인종합복지회관 (안양동)",031-472-7774,안양시 만안구보건소,2025-12-22
(주)다굼," 경기도 안양시 동안구 흥안대로 94, 2층 (호계동, 리치밸리)",031-466-7747,안양시 동안구보건소,2025-12-22
(주)서울매일버스, 경기도 안양시 동안구 평촌대로 452(비산동),031-388-5718,안양시 동안구보건소,2025-12-22
(주)오뚜기안양공장," 경기도 안양시 동안구 흥안대로 405, 오뚜기식품 (평촌동)",031-421-2122,안양시 동안구보건소,2025-12-22
(주)오상헬스케어," 경기도 안양시 동안구 안양천동로 132, (주)오상헬스케어 (호계동)",031-460-0338,안양시 동안구보건소,2025-12-22
(주)이마트평촌점," 경기도 안양시 동안구 시민대로 300, 이마트평촌점 (관양동)",031-687-1052,안양시 동안구보건소,2025-12-22
(주)이오테크닉스," 경기도 안양시 동안구 동편로 91, (주)이오테크닉스 (관양동)",031-420-2999,안양시 동안구보건소,2025-12-22
(주)효성안양공장," 경기도 안양시 동안구 시민대로 74, (주)효성안양공장 (호계동)",031-428-1188,안양시 동안구보건소,2025-12-22
GS25관양본점, 경기도 안양시 동안구 관악대로287번길 77 (관양동),,안양시 동안구보건소,2025-12-22
GS25뉴관양대성점," 경기도 안양시 동안구 일동로200번길 40, 중촌번영회 (관양동)",,안양시 동안구보건소,2025-12-22
GS25안양사랑점, 경기도 안양시 동안구 관평로358번길 45 (관양동),,안양시 동안구보건소,2025-12-22
GS건설평촌자이퍼스니티현장," 경기도 안양시 동안구 동안로 271 (비산동, 뉴타운아파트)",02-2154-4860,안양시 동안구보건소,2025-12-22
KT안양지사," 경기도 안양시 동안구 평촌대로 243, KT안양지사 (비산동)",,안양시 동안구보건소,2025-12-22
LGU+평촌메가센터, 경기도 안양시 동안구 시민대로327번길 29(관양동),02-2086-2440,안양시 동안구보건소,2025-12-22
LS일렉트릭R&D캠퍼스," 경기도 안양시 동안구 엘에스로116번길 40, LSIS R&D Campus (호계동)",031-8090-7114,안양시 동안구보건소,2025-12-22
LS전선," 경기도 안양시 동안구 엘에스로 127, LS타워 (호계동)",02-2189-9641,안양시 동안구보건소,2025-12-22
공작럭키아파트," 경기도 안양시 동안구 학의로 168 (관양동,공작럭키아파트)",031-383-4491,안양시 동안구보건소,2025-12-22
공작부영2차아파트," 경기도 안양시 동안구 관평로212번길 21 (관양동,공작부영2차아파트)",031-382-4814,안양시 동안구보건소,2025-12-22
공작성일아파트," 경기도 안양시 동안구 달안로 153 (관양동, 공작성일아파트)",031-382-6816,안양시 동안구보건소,2025-12-22
관악부영4차아파트," 경기도 안양시 동안구 학의로 46 (비산동,관악부영아파트)",031-381-6446,안양시 동안구보건소,2025-12-22
관악성원아파트," 경기도 안양시 동안구 동안로 209 (비산동, 관악성원아파트)",031-381-5931,안양시 동안구보건소,2025-12-22
관악타운," 경기도 안양시 동안구 학의로 20 (비산동, 관악아파트)",031-382-1696,안양시 동안구보건소,2025-12-22
관양1동행정복지센터," 경기도 안양시 동안구 관평로358번길 46, 관양1동 행정복지센터 (관양동)",031-8045-4652,안양시 동안구보건소,2025-12-22
관양2동주민센터, 경기도 안양시 동안구 관양로 215 관양2동주민센터 (관양동),031-8045-4664,안양시 동안구보건소,2025-12-22
관양도서관, 경기도 안양시 동안구 동편로 124 관양도서관,031-8045-6331,안양시 동안구보건소,2025-12-22
관양시장, 경기도 안양시 동안구 관평로336번길 31 관양시장문화센터 (관양동),031-386-5577,안양시 동안구보건소,2025-12-22
관양초등학교, 경기도 안양시 동안구 관평로336번길 23 관양초등학교 (관양동),031-340-4073,안양시 동안구보건소,2025-12-22
관양현대아파트," 경기도 안양시 동안구 관평로 333 (관양동, 현대아파트)",031-384-8138,안양시 동안구보건소,2025-12-22
국민건강보험공단안양지사," 경기도 안양시 동안구 관평로 182, 국민건강보험공단 안양지사 (관양동)",031-479-9712,안양시 동안구보건소,2025-12-22
귀인동주민센터," 경기도 안양시 동안구 부림로 16 (평촌동,귀인동주민센터) (평촌동)",031-8045-4702,안양시 동안구보건소,2025-12-22
귀인중학교, 경기도 안양시 동안구 귀인로190번길 114 귀인중학교(평촌동),031-478-2800,안양시 동안구보건소,2025-12-22
귀인초등학교, 경기도 안양시 동안구 귀인로 248 귀인초등학교 (평촌동),031-382-0772,안양시 동안구보건소,2025-12-22
귀인현대홈타운아파트," 경기도 안양시 동안구 귀인로 208 (평촌동, 귀인마을현대홈타운)",031-385-1886,안양시 동안구보건소,2025-12-22
그린재활의학과병원," 경기도 안양시 동안구 시민대로 311, 금강스마트빌딩 (관양동)",031-421-9600,안양시 동안구보건소,2025-12-22
꿈마을라이프아파트," 경기도 안양시 동안구 귀인로 258 (평촌동,꿈마을라이프아파트)",031-381-4437,안양시 동안구보건소,2025-12-22
꿈마을한신아파트," 경기도 안양시 동안구 관평로 68 (평촌동,꿈마을한신아파트)",031-383-8554,안양시 동안구보건소,2025-12-22
농어촌자원개발원, 경기도 안양시 동안구 부림로169번길 22 농어촌자원개발원 (관양동),031-8084-9516,안양시 동안구보건소,2025-12-22
달안동주민센터, 경기도 안양시 동안구 달안로 65 달안동주민센터 (비산동),031-8045-4339,안양시 동안구보건소,2025-12-22
대림대학교," 경기도 안양시 동안구 임곡로 29, 대림대학교 (비산동)",031-467-4700,안양시 동안구보건소,2025-12-22
대안여자중학교, 경기도 안양시 동안구 흥안대로223번길 46 대안여자중학교 (호계동),031-458-1998,안양시 동안구보건소,2025-12-22
대안중학교," 경기도 안양시 동안구 흥안대로249번길 25 (호계동,대안중학교)",031-451-1983,안양시 동안구보건소,2025-12-22
더포레스트힐아파트, 경기도 안양시 동안구 임곡로 43 임곡그린빌아파트 (비산동),031-347-8857,안양시 동안구보건소,2025-12-22
동안고등학교," 경기도 안양시 동안구 부림로 71, 동안고등학교 (평촌동)",031-463-8157,안양시 동안구보건소,2025-12-22
경기도 안양시 동안구노인복지회관," 경기도 안양시 동안구 동안로 151, 경기도 안양시 동안구노인복지회관 (비산동)",031-8045-6051,안양시 동안구보건소,2025-12-22
경기도 안양시 동안구보건소, 경기도 안양시 동안구 평촌대로253번길 41 경기도 안양시 동안구보건소 (비산동),031-8045-4423,안양시 동안구보건소,2025-12-22
동안초등학교," 경기도 안양시 동안구 관평로138번길 36, 동안초등학교 (평촌동)",031-384-8471,안양시 동안구보건소,2025-12-22
동편마을1단지아파트," 경기도 안양시 동안구 동편로 120 (관양동,동편마을)",031-422-7966,안양시 동안구보건소,2025-12-22
동편마을2단지아파트," 경기도 안양시 동안구 동편로 80 (관양동,동편마을2단지)",031-421-4629,안양시 동안구보건소,2025-12-22
동편마을3단지아파트," 경기도 안양시 동안구 동편로 110 (관양동,동편마을3단지)",031-424-5568,안양시 동안구보건소,2025-12-22
동편마을4단지아파트," 경기도 안양시 동안구 동편로 135 (관양동,동편마을4단지)",031-426-9044,안양시 동안구보건소,2025-12-22
래미안인덕원더포인트아파트," 경기도 안양시 동안구 흥안대로456번길 66 (평촌동, 래미안인덕원더포인트)",031-421-1798,안양시 동안구보건소,2025-12-22
롯데쇼핑, 경기도 안양시 동안구 시민대로 180 롯데백화점 (호계동),031-8086-1429,안양시 동안구보건소,2025-12-22
목련3단지우성아파트," 경기도 안양시 동안구 귀인로 157 호계동,목련우성3차아파트",031-381-0933,안양시 동안구보건소,2025-12-22
목련5단지우성아파트," 경기도 안양시 동안구 평촌대로179번길 30 호계동,목련우성아파트",031-383-0204,안양시 동안구보건소,2025-12-22
목련8단지동아경남아파트," 경기도 안양시 동안구 동안로 57 (호계동, 목련 동아,경남아파트)",031-382-1250,안양시 동안구보건소,2025-12-22
목련9단지신동아아파트," 경기도 안양시 동안구 동안로 75 (호계동,목련신동아아파트)",031-385-2733,안양시 동안구보건소,2025-12-22
무궁화경남아파트," 경기도 안양시 동안구 귀인로172번길 22 (호계동, 무궁화경남아파트)",031-386-5777,안양시 동안구보건소,2025-12-22
무궁화진흥아파트," 경기도 안양시 동안구 동안로 6 호계동,무궁화진흥아파트",031-381-4676,안양시 동안구보건소,2025-12-22
무궁화코오롱아파트," 경기도 안양시 동안구 동안로 11 (호계동, 무궁화코오롱,건영아파트)",031-381-5605,안양시 동안구보건소,2025-12-22
무궁화태영아파트," 경기도 안양시 동안구 경수대로610번길 37 (호계동, 무궁화아파트)",031-429-4743,안양시 동안구보건소,2025-12-22
무궁화효성한양아파트," 경기도 안양시 동안구 동안로 35 (호계동, 무궁화 효성,한양아파트)",031-382-3881,안양시 동안구보건소,2025-12-22
미륭아파트," 경기도 안양시 동안구 관악대로 164 (비산동, 미륭아파트)",031-385-7475,안양시 동안구보건소,2025-12-22
민백초등학교," 경기도 안양시 동안구 부림로 22, 민백초등학교 (평촌동)",070-7114-2109,안양시 동안구보건소,2025-12-22
벌말초등학교, 경기도 안양시 동안구 학의로408번길 25 벌말초등학교 (평촌동),031-424-4161,안양시 동안구보건소,2025-12-22
범계동주민센터, 경기도 안양시 동안구 평촌대로217번길 63 범계동주민센터 (호계동),031-8045-4744,안양시 동안구보건소,2025-12-22
범계역, 경기도 안양시 동안구 동안로 지하 130 범계역(호계동),031-384-7788,안양시 동안구보건소,2025-12-22
범계초등학교," 경기도 안양시 동안구 동안로 90, 범계초등학교 (호계동)",031-383-7235,안양시 동안구보건소,2025-12-22
봄빛병원," 경기도 안양시 동안구 평촌대로211번길 26, 봄빛병원 (호계동)",031-380-7301,안양시 동안구보건소,2025-12-22
부림동행정복지센터," 경기도 안양시 동안구 달안로 154, 부림동주민센터 (관양동)",031-8045-4117,안양시 동안구보건소,2025-12-22
부림중학교, 경기도 안양시 동안구 달안로 95 부림중학교 (관양동),031-381-0228,안양시 동안구보건소,2025-12-22
부안중학교, 경기도 안양시 동안구 달안로 170 부안중학교 (관양동),031-387-4031,안양시 동안구보건소,2025-12-22
부안초등학교, 경기도 안양시 동안구 달안로 113 부안초등학교 (관양동),031-8086-4781,안양시 동안구보건소,2025-12-22
부흥동주민센터, 경기도 안양시 동안구 경수대로 813 (호계동),031-8045-4072,안양시 동안구보건소,2025-12-22
비산꿈에그린아파트," 경기도 안양시 동안구 경수대로883번길 33 (비산동, 비산한화꿈에그린아파트)",031-469-7301,안양시 동안구보건소,2025-12-22
비산도서관," 경기도 안양시 동안구 관악대로 123, 안양시립비산도서관 (비산동)",031-8045-6231,안양시 동안구보건소,2025-12-22
비산롯데캐슬," 경기도 안양시 동안구 관악대로106번길 72 (비산동, 비산롯데캐슬)",031-476-0955,안양시 동안구보건소,2025-12-22
비산삼성래미안," 경기도 안양시 동안구 관악대로 135 (비산동, 비산 삼성 래미안)",031-468-2200,안양시 동안구보건소,2025-12-22
비산중학교," 경기도 안양시 동안구 평촌대로427번길 42, 비산중학교 (비산동)",031-8084-9388,안양시 동안구보건소,2025-12-22
비산힐스테이트아파트," 경기도 안양시 동안구 안양천동로 162 (비산동,비산힐스테이트아파트)",031-447-2700,안양시 동안구보건소,2025-12-22
샘마을쌍용아파트," 경기도 안양시 동안구 흥안대로223번길 16(호계동, 샘마을)",031-429-7897,안양시 동안구보건소,2025-12-22
샘마을한양대우아파트," 경기도 안양시 동안구 흥안대로223번길 47 (호계동,샘마을대우,한양아파트)",031-341-2141,안양시 동안구보건소,2025-12-22
샛별1차한양아파트," 경기도 안양시 동안구 달안로 62 (비산동,샛별한양아파트)",031-381-0156,안양시 동안구보건소,2025-12-22
"샛별4(2,3)차아파트"," 경기도 안양시 동안구 학의로 98 (비산동, 샛별한양아파트)",031-341-0390,안양시 동안구보건소,2025-12-22
샛별한양4-1차아파트," 경기도 안양시 동안구 달안로 61 (비산동, 샛별한양아파트)",031-341-8852,안양시 동안구보건소,2025-12-22
서울나우병원, 경기도 안양시 동안구 시민대로 388 (관양동),031-687-4106,안양시 동안구보건소,2025-12-22
서울소년분류심사원, 경기도 안양시 동안구 경수대로 500 서울소년분류심사원 (호계동),031-451-2683,안양시 동안구보건소,2025-12-22
서원의료재단 김형근예병원, 경기도 안양시 동안구 관악대로 458 (관양동),031-421-7575,안양시 동안구보건소,2025-12-22
신기중학교, 경기도 안양시 동안구 경수대로610번길 57 신기중학교 (호계동),031-459-3501,안양시 동안구보건소,2025-12-22
신촌동주민센터," 경기도 안양시 동안구 동안로 28 (호계동,신촌동주민센터) (호계동)",031-8045-4772,안양시 동안구보건소,2025-12-22
아벤스병원," 경기도 안양시 동안구 관평로 307, 센추리21프라자 (관양동)",031-387-2211,안양시 동안구보건소,2025-12-22
아크로베스티뉴아파트," 경기도 안양시 동안구 시민대로 124 (호계동, 아크로베스티뉴아파트)",031-477-9422,안양시 동안구보건소,2025-12-22
안양관양공공주택현장, 경기도 안양시 동안구 일동로 115 (관양동),,안양시 동안구보건소,2025-12-22
안양교도소, 경기도 안양시 동안구 경수대로508번길 42 안양교도소 (호계동),031-452-2181,안양시 동안구보건소,2025-12-22
안양남초등학교, 경기도 안양시 동안구 흥안대로 275(호계동),031-458-7816,안양시 동안구보건소,2025-12-22
안양덕현초등학교," 경기도 안양시 동안구 갈산로 34, 덕현초등학교 (호계동)",031-456-8091,안양시 동안구보건소,2025-12-22
안양도시공사," 경기도 안양시 동안구 평촌대로 389, 안양종합운동장 (비산동)",031-389-5238,안양시 동안구보건소,2025-12-22
안양도시공사(종합관리)," 경기도 안양시 동안구 평촌대로 389, 안양종합운동장 (비산동)",031-389-5238,안양시 동안구보건소,2025-12-22
안양동안경찰서," 경기도 안양시 동안구 동안로159번길 43 (비산동,동안경찰서)",031-478-7166,안양시 동안구보건소,2025-12-22
안양동초등학교," 경기도 안양시 동안구 임곡로80번길 34 비산동,안양동초등학교",031-441-4257,안양시 동안구보건소,2025-12-22
안양부흥초등학교, 경기도 안양시 동안구 달안로 37 안양부흥초등학교 (비산동),031-381-0324,안양시 동안구보건소,2025-12-22
안양소방서, 경기도 안양시 동안구 관평로212번길 32 안양소방서 (관양동),031-470-0432,안양시 동안구보건소,2025-12-22
안양시노인종합복지관, 경기도 안양시 동안구 경수대로665번길 74-30 안양시노인종합복지관(호계동),031-455-0551,안양시 동안구보건소,2025-12-22
안양시동안청소년수련관, 경기도 안양시 동안구 동안로 155 동안청소년수련관 (비산동),031-8045-4921,안양시 동안구보건소,2025-12-22
안양시립호계도서관," 경기도 안양시 동안구 경수대로685번길 26, 안양시립호계도서관 (호계동)",031-8045-6253,안양시 동안구보건소,2025-12-22
안양시재난안전체험관," 경기도 안양시 동안구 경수대로 504, 호계복합청사 및 호계3동 주민센터 4층 (호계동)",031-8045-2705,안양시 동안구보건소,2025-12-22
안양시청," 경기도 안양시 동안구 시민대로 235, 안양시청 (관양동)",031-8045-5857,안양시 동안구보건소,2025-12-22
안양시청(생태하천과)," 경기도 안양시 동안구 시민대로 235, 안양시청 (관양동)",031-8045-4282,안양시 동안구보건소,2025-12-22
안양시청(회계과)," 경기도 안양시 동안구 시민대로 235, 안양시청 (관양동)",031-8045-2469,안양시 동안구보건소,2025-12-22
안양신기초등학교," 경기도 안양시 동안구 동안로 26, 신기초등학교 (호계동)",031-384-6457,안양시 동안구보건소,2025-12-22
안양어린이도서관," 경기도 안양시 동안구 동안로 66, 안양어린이도서관 (호계동)",031-8045-6271,안양시 동안구보건소,2025-12-22
안양우편집중국," 경기도 안양시 동안구 평촌대로 212, 안양우편집중국 (관양동)",031-389-9364,안양시 동안구보건소,2025-12-22
안양윌스기념병원," 경기도 안양시 동안구 경수대로 560, 안양남부새마을금고 (호계동)",031-406-1010,안양시 동안구보건소,2025-12-22
안양중앙초등학교," 경기도 안양시 동안구 경수대로883번길 11, 중앙초등학교 (비산동)",031-442-7714,안양시 동안구보건소,2025-12-22
안양평촌동복합개발사업현장," 경기도 안양시 동안구 흥안대로 313, 안양시 농수산물도매시장 (평촌동)",031-421-0263,안양시 동안구보건소,2025-12-22
엘에스엠트론(주), 경기도 안양시 동안구 엘에스로116번길 39(호계동),031-8045-0441,안양시 동안구보건소,2025-12-22
엘에스오토모티브테크놀로지스," 경기도 안양시 동안구 시민대로 260, 안양금융센터 A.F.C 16층 (관양동)",031-5177-1627,안양시 동안구보건소,2025-12-22
우체국물류지원단 경인지사 안양물류사업소," 경기도 안양시 동안구 시민대로 121, 안양우편물류센터 (호계동)",031-342-9425,안양시 동안구보건소,2025-12-22
은하수벽산아파트," 경기도 안양시 동안구 시민대로159번길 62 (비산동,은하수벽산아파트)",031-381-0875,안양시 동안구보건소,2025-12-22
은하수신성아파트," 경기도 안양시 동안구 달안로 40 (비산동, 은하수신성아파트)",031-382-1952,안양시 동안구보건소,2025-12-22
은하수청구아파트," 경기도 안양시 동안구 시민대로159번길 59 (비산동,은하수청구아파트)",031-381-0850,안양시 동안구보건소,2025-12-22
인덕원대림2차아파트," 경기도 안양시 동안구 흥안대로414번길 39 (평촌동, 인덕원 대림2차 아파트)",031-426-9172,안양시 동안구보건소,2025-12-22
인덕원삼성아파트," 경기도 안양시 동안구 안양판교로 42 (관양동, 인덕원마을삼성아파트)",031-424-6487,안양시 동안구보건소,2025-12-22
인덕원센트럴푸르지오," 경기도 안양시 동안구 학의로 390 (평촌동,인덕원대우아파트푸른마을)",031-425-3913,안양시 동안구보건소,2025-12-22
인덕원역, 경기도 안양시 동안구 흥안대로 지하 529 인덕원역 (관양동),031-422-7788,안양시 동안구보건소,2025-12-22
임곡중학교, 경기도 안양시 동안구 임곡로 105 임곡중학교 (비산동),031-8084-4119,안양시 동안구보건소,2025-12-22
청계통합정수장,경기도 의왕시 덕장로 69(청계동),031-8045-5332,안양시 동안구보건소,2025-12-22
초원5단지LG아파트," 경기도 안양시 동안구 부림로 52 (평촌동,초원5단지LG아파트)",031-423-3823,안양시 동안구보건소,2025-12-22
초원대림아파트," 경기도 안양시 동안구 귀인로 237 (평촌동,초원대림아파트)",031-387-4364,안양시 동안구보건소,2025-12-22
초원마을대원아파트," 경기도 안양시 동안구 부림로 55 (평촌동,초원대원아파트)",031-383-5628,안양시 동안구보건소,2025-12-22
초원부영아파트," 경기도 안양시 동안구 관평로138번길 63 (평촌동, 초원부영아파트)",031-346-2311,안양시 동안구보건소,2025-12-22
초원세경아파트," 경기도 안양시 동안구 관평로138번길 13 (평촌동,초원세경아파트)",031-387-7924,안양시 동안구보건소,2025-12-22
초원한양아파트," 경기도 안양시 동안구 부림로 80 (평촌동,초원한양아파트)",031-422-3077,안양시 동안구보건소,2025-12-22
쿠팡로지스틱스안양1캠프," 경기도 안양시 동안구 흥안대로439번길 30, 안양물류센터 (관양동)",070-4125-1913,안양시 동안구보건소,2025-12-22
평안동행정복지센터," 경기도 안양시 동안구 관평로138번길 39, 평안동주민센터 (평촌동)",031-8045-4132,안양시 동안구보건소,2025-12-22
평촌고등학교," 경기도 안양시 동안구 동안로 80 (호계동,평촌고등학교)",031-383-4824,안양시 동안구보건소,2025-12-22
평촌더샵센트럴시티," 경기도 안양시 동안구 시민대로327번길 55 (관양동,평촌더샵센트럴시티)",031-422-9550,안양시 동안구보건소,2025-12-22
평촌더샵아이파크," 경기도 안양시 동안구 경수대로610번길 36 (호계동, 평촌더샵 아이파크)",031-429-5783,안양시 동안구보건소,2025-12-22
평촌동행정복지센타, 경기도 안양시 동안구 흥안대로456번길 21 (평촌동),031-8045-4121,안양시 동안구보건소,2025-12-22
평촌두산위브리버뷰아파트," 경기도 안양시 동안구 엘에스로45번길 30(호계동, 평촌 두산위브 리버뷰)",031-429-7713,안양시 동안구보건소,2025-12-22
평촌래미안푸르지오아파트," 경기도 안양시 동안구 경수대로884번길 12, 평촌래미안푸르지오 (비산동)",031-356-5016,안양시 동안구보건소,2025-12-22
평촌목련2단지(대우선경)," 경기도 안양시 동안구 동안로 102 (호계동, 목련선경아파트)",031-381-2008,안양시 동안구보건소,2025-12-22
평촌센텀퍼스트아파트," 경기도 안양시 동안구 갈산로 15 (호계동, 평촌센텀퍼스트)",031-427-8896,안양시 동안구보건소,2025-12-22
평촌센텀퍼스트커뮤니티센터," 경기도 안양시 동안구 갈산로 15 (호계동, 평촌센텀퍼스트)",070-4117-8892,안양시 동안구보건소,2025-12-22
평촌어바인퍼스트," 경기도 안양시 동안구 경수대로 581, 평촌어바인퍼스트아파트 (호계동)",031-360-0542,안양시 동안구보건소,2025-12-22
평촌어바인퍼스트2단지, 경기도 안양시 동안구 경수대로 583 (호계동),031-360-0242,안양시 동안구보건소,2025-12-22
평촌엘프라우드아파트," 경기도 안양시 동안구 매곡로 23 (비산동, 평촌엘프라우드)",031-382-4700,안양시 동안구보건소,2025-12-22
평촌역, 경기도 안양시 동안구 부림로 지하 123 평촌역(관양동),031-383-7788,안양시 동안구보건소,2025-12-22
평촌역상가연합회," 경기도 안양시 동안구 관평로182번길 42, 남경빌딩 (관양동)",031-386-4380,안양시 동안구보건소,2025-12-22
평촌우리병원," 경기도 안양시 동안구 관악대로 221, 우리병원 (비산동)",031-463-0021,안양시 동안구보건소,2025-12-22
평촌자이아이파크아파트," 경기도 안양시 동안구 비산로 22, 평촌자이아이파크 (비산동)",031-464-2226,안양시 동안구보건소,2025-12-22
평촌중앙병원," 경기도 안양시 동안구 평촌대로223번길 49, 아트타워빌딩 (호계동)",031-387-0114,안양시 동안구보건소,2025-12-22
평촌중학교, 경기도 안양시 동안구 관평로 127 평촌중학교 (평촌동),031-381-0050,안양시 동안구보건소,2025-12-22
평촌트리지아아파트1단지," 경기도 안양시 동안구 귀인로98번길 12 (호계동, 평촌트리지아아파트 1단지)",031-360-0607,안양시 동안구보건소,2025-12-22
평촌트리지아아파트2단지," 경기도 안양시 동안구 귀인로 110 (호계동, 평촌트리지아아파트 2단지)",031-360-5033,안양시 동안구보건소,2025-12-22
평촌트리지아아파트3단지," 경기도 안양시 동안구 귀인로80번길 193 (호계동, 평촌트리지아아파트 3단지)",031-360-7010,안양시 동안구보건소,2025-12-22
하늘빛재활의학과병원, 경기도 안양시 동안구 경수대로 887 (비산동),031-451-0090,안양시 동안구보건소,2025-12-22
한가람삼성아파트," 경기도 안양시 동안구 학의로 146 (관양동, 한가람삼성아파트)",031-385-8467,안양시 동안구보건소,2025-12-22
한가람세경아파트," 경기도 안양시 동안구 달안로 110 (관양동, 한가람세경아파트)",031-387-1353,안양시 동안구보건소,2025-12-22
한가람신라아파트," 경기도 안양시 동안구 달안로 124 (관양동, 한가람신라아파트)",031-381-1667,안양시 동안구보건소,2025-12-22
한가람한양아파트," 경기도 안양시 동안구 학의로 120 (관양동, 한가람한양아파트)",031-386-0193,안양시 동안구보건소,2025-12-22
한국마사회시설관리(주)," 경기도 안양시 동안구 동편로 54-11, 디어스 6층 A호 (관양동)",031-349-6054,안양시 동안구보건소,2025-12-22
한림대성심병원," 경기도 안양시 동안구 관평로170번길 22, 한림대학교성심병원 (평촌동)",031-380-5965,안양시 동안구보건소,2025-12-22
한림대학교 성심병원," 경기도 안양시 동안구 관평로170번길 22, 한림대학교성심병원 (평촌동)",031-380-4136,안양시 동안구보건소,2025-12-22
한마음임광1차아파트," 경기도 안양시 동안구 경수대로797번길 5 (호계동, 한마음아파트)",031-454-4716,안양시 동안구보건소,2025-12-22
한화건설(월곶판교복선전철제7공구), 경기도 안양시 동안구 관악대로 373 (관양동),031-689-4708,안양시 동안구보건소,2025-12-22
향촌롯데아파트," 경기도 안양시 동안구 평촌대로180번길 28 (평촌동, 향촌롯데아파트)",031-383-0539,안양시 동안구보건소,2025-12-22
향촌현대4차아파트," 경기도 안양시 동안구 귀인로 193 (평촌동, 향촌현대4차아파트)",031-382-3038,안양시 동안구보건소,2025-12-22
향촌현대5차아파트," 경기도 안양시 동안구 귀인로 213 (평촌동, 향촌현대5차아파트)",031-383-1700,안양시 동안구보건소,2025-12-22
현대차증권(경인지점), 경기도 안양시 동안구 시민대로 206 (호계동),031-446-7001,안양시 동안구보건소,2025-12-22
호계1차현대홈타운아파트," 경기도 안양시 동안구 경수대로733번길 23 (호계동, 호계1차 현대홈타운)",031-459-0052,안양시 동안구보건소,2025-12-22
호계2동행정복지센터," 경기도 안양시 동안구 경수대로 657, 호계2동 행정복지센터 (호계동)",031-8045-4171,안양시 동안구보건소,2025-12-22
호계2차현대홈타운," 경기도 안양시 동안구 경수대로 462 (호계동,호계2차현대홈타운)",031-427-1861,안양시 동안구보건소,2025-12-22
호계3동주민센터, 경기도 안양시 동안구 경수대로 504 호계3동주민센터 (호계동),031-8045-4730,안양시 동안구보건소,2025-12-22
호계e편한세상대림아파트," 경기도 안양시 동안구 경수대로 430 (호계동,호계e-편한세상아파트)",031-477-2362,안양시 동안구보건소,2025-12-22
호계럭키아파트," 경기도 안양시 동안구 경수대로623번길 46 (호계동, 럭키호계아파트)",031-459-2894,안양시 동안구보건소,2025-12-22
호계배드민턴장, 경기도 안양시 동안구 귀인로80번길 52 호계배드민턴협회 (호계동),031-477-8756,안양시 동안구보건소,2025-12-22
호계종합시장, 경기도 안양시 동안구 흥안대로133번길 59-2(호계동),031-453-4766,안양시 동안구보건소,2025-12-22
호계중학교, 경기도 안양시 동안구 경수대로665번길 74-23 호계중학교 (호계동),031-390-1660,안양시 동안구보건소,2025-12-22
호계초등학교," 경기도 안양시 동안구 경수대로707번길 27, 호계초등학교 (호계동)",031-452-5200,안양시 동안구보건소,2025-12-22
호성중학교," 경기도 안양시 동안구 호성로 55 (호계동,호성중학교) (호계동)",031-451-7924,안양시 동안구보건소,2025-12-22
호성초등학교, 경기도 안양시 동안구 호성로 43-2 호성초등학교 (호계동),031-452-5204,안양시 동안구보건소,2025-12-22
호원초등학교," 경기도 안양시 동안구 경수대로623번길 72, 호원초등학교 (호계동)",031-347-6738,안양시 동안구보건소,2025-12-22
호원초등학교병설유치원," 경기도 안양시 동안구 경수대로623번길 72, 호원초등학교 (호계동)",031-452-6479,안양시 동안구보건소,2025-12-22
홈플러스평촌점, 경기도 안양시 동안구 동안로 162 홈플러스 평촌점(비산동),031-470-8121,안양시 동안구보건소,2025-12-22
희성초등학교," 경기도 안양시 동안구 학의로 86, 희성초등학교 (비산동)",031-340-6901,안양시 동안구보건소,2025-12-22
힐스테이트인덕원역베르텍스아파트," 경기도 안양시 동안구 흥안대로434번길 19 (평촌동, 힐스테이트인덕원역베르텍스)",031-426-9090,안양시 동안구보건소,2025-12-22
